{
  "name": "videogular-controls",
  "version": "1.3.2",
  "main": "./vg-controls.js",
  "dependencies": {
    "videogular": "~1.3.2"
  },
  "homepage": "https://github.com/2fdevs/bower-videogular-controls",
  "_release": "1.3.2",
  "_resolution": {
    "type": "version",
    "tag": "v1.3.2",
    "commit": "6fa5a2cb079b995cca749573576eed82bddc3eb6"
  },
  "_source": "git://github.com/2fdevs/bower-videogular-controls.git",
  "_target": "~1.3.2",
  "_originalSource": "videogular-controls",
  "_direct": true
}