{
  "name": "ng-material-floating-button",
  "version": "0.4.2",
  "homepage": "https://github.com/nobitagit/ng-material-floating-button",
  "authors": [
    "Nobita"
  ],
  "description": "angular directive for material floating buttons",
  "main": [
    "src/mfb-directive.js",
    "mfb/src/mfb.css"
  ],
  "keywords": [
    "angular",
    "directive",
    "material",
    "design",
    "floating",
    "button",
    "google",
    "inbox"
  ],
  "license": "MIT",
  "private": false,
  "ignore": [
    "**/.*",
    "**/*.html",
    "README.md",
    "package.json",
    "node_modules",
    "bower_components",
    "Gruntfile.js",
    "test",
    "tests"
  ],
  "dependencies": {
    "angular": "~1.3.6"
  },
  "_release": "0.4.2",
  "_resolution": {
    "type": "version",
    "tag": "v0.4.2",
    "commit": "35ec9e334c43a86b7a6438f7cdad0a503db17e40"
  },
  "_source": "git://github.com/nobitagit/ng-material-floating-button.git",
  "_target": "~0.4.0",
  "_originalSource": "ng-mfb"
}
