{
  "name": "ionic-pullup",
  "description": "Ionic pull up footer",
  "version": "1.0.2",
  "homepage": "https://github.com/arielfaur",
  "license": "MIT",
  "private": false,
  "devDependencies": {
    "ionic": "~1.0.x"
  },
  "_release": "1.0.2",
  "_resolution": {
    "type": "version",
    "tag": "v1.0.2",
    "commit": "a7b943729c363d736df346a92d26f5c4f20661ee"
  },
  "_source": "git://github.com/arielfaur/ionic-pullup.git",
  "_target": "~1.0.2",
  "_originalSource": "ionic-pullup",
  "_direct": true
}