{
  "name": "angular-awesome-slider",
  "version": "2.4.2",
  "author": {
    "name": "Julien Valéry",
    "email": "darul75@gmail.com"
  },
  "homepage": "https://github.com/darul75/angular-awesome-slider",
  "repository": {
    "type": "git",
    "url": "https://github.com/darul75/angular-awesome-slider.git"
  },
  "keywords": [
    "angular",
    "slider",
    "control",
    "ui"
  ],
  "main": [
    "./dist/angular-awesome-slider.js",
    "./dist/css/angular-awesome-slider.min.css"
  ],
  "dependencies": {
    "angular": "^1.3.x"
  },
  "devDependencies": {
    "angular-mocks": "^1.3.x",
    "bourbon": "~4.2.2"
  },
  "authors": [
    "darul <darul75@gmail.com>"
  ],
  "description": "AngularJS directive slider control.",
  "license": "MIT",
  "ignore": [
    "**/.*",
    "node_modules",
    "bower_components",
    "test",
    "tests"
  ],
  "_release": "2.4.2",
  "_resolution": {
    "type": "version",
    "tag": "2.4.2",
    "commit": "792736e1c5a91616c58f24c5644c98e859451099"
  },
  "_source": "git://github.com/darul75/angular-awesome-slider.git",
  "_target": "~2.4.0",
  "_originalSource": "angular-awesome-slider"
}