{
  "name": "videogular-buffering",
  "version": "1.3.2",
  "main": "./vg-buffering.js",
  "dependencies": {
    "videogular": "~1.3.2"
  },
  "homepage": "https://github.com/2fdevs/bower-videogular-buffering",
  "_release": "1.3.2",
  "_resolution": {
    "type": "version",
    "tag": "v1.3.2",
    "commit": "c46fd7f63d446b048e9ffe5d5a3656f180478e16"
  },
  "_source": "git://github.com/2fdevs/bower-videogular-buffering.git",
  "_target": "~1.3.2",
  "_originalSource": "videogular-buffering",
  "_direct": true
}