{
  "name": "videogular-themes-default",
  "version": "1.3.2",
  "main": [
    "./videogular.css",
    "./fonts/*"
  ],
  "dependencies": {
    "videogular": "~1.3.2"
  },
  "homepage": "https://github.com/2fdevs/bower-videogular-themes-default",
  "_release": "1.3.2",
  "_resolution": {
    "type": "version",
    "tag": "v1.3.2",
    "commit": "08233954c31e0b45b9f918de6dce117e14d951f8"
  },
  "_source": "git://github.com/2fdevs/bower-videogular-themes-default.git",
  "_target": "~1.3.2",
  "_originalSource": "videogular-themes-default",
  "_direct": true
}